Sequence	Position	Scores
XXXXXXXXXXXXXXXXXXXXXKLPYKVADIGLAAWGRKALDIAENEMPGLM	8	0.4783248007297516
XXXXXXXXXKLPYKVADIGLAAWGRKALDIAENEMPGLMRMRERYSASKPL	20	0.47286948561668396
GRKALDIAENEMPGLMRMRERYSASKPLKGARIAGCLHMTVETAVLIETLV	43	0.4012894034385681
VHNLYKMMANGILKVPAINVNDSVTKSKFDNLYGCRESLIDGIKRATDVMI	186	0.42227426171302795
NLYKMMANGILKVPAINVNDSVTKSKFDNLYGCRESLIDGIKRATDVMIAG	188	0.842054545879364
NVNDSVTKSKFDNLYGCRESLIDGIKRATDVMIAGKVAVVAGYGDVGKGCA	204	0.4601733088493347
FDNLYGCRESLIDGIKRATDVMIAGKVAVVAGYGDVGKGCAQALRGFGARV	214	0.4023760259151459
DGIKRATDVMIAGKVAVVAGYGDVGKGCAQALRGFGARVIITEIDPINALQ	226	0.5650327801704407
TNQVMAQIELWTHPDKYPVGVHFLPKKLDEAVAEAHLGKLNVKLTKLTEKQ	388	0.39608994126319885
NQVMAQIELWTHPDKYPVGVHFLPKKLDEAVAEAHLGKLNVKLTKLTEKQA	389	0.7043757438659668
PDKYPVGVHFLPKKLDEAVAEAHLGKLNVKLTKLTEKQAQYLGMSCDGPFK	401	0.7378836274147034
PVGVHFLPKKLDEAVAEAHLGKLNVKLTKLTEKQAQYLGMSCDGPFKPDHY	405	0.6974553465843201
VHFLPKKLDEAVAEAHLGKLNVKLTKLTEKQAQYLGMSCDGPFKPDHYRYX	408	0.5750991106033325
